Title,Slug,Created At,Updated At
PUMA,puma,2023-03-12 08:22:53 +0700,2023-03-12 08:22:53 +0700
SFR,sfr,2023-03-12 08:22:53 +0700,2023-03-12 08:22:53 +0700
HOTSTYLE,hotstyle,2023-03-12 08:22:53 +0700,2023-03-12 08:22:53 +0700
World Wear Footwear,world-wear-footwear,2023-03-12 08:22:53 +0700,2023-03-12 08:22:53 +0700
BIRDE,birde,2023-03-12 08:22:53 +0700,2023-03-12 08:22:53 +0700
Nobelite,nobelite,2023-03-12 08:22:54 +0700,2023-03-12 08:22:54 +0700
RapidBox,rapidbox,2023-03-12 08:22:54 +0700,2023-03-12 08:22:54 +0700
TR,tr,2023-03-12 08:22:54 +0700,2023-03-12 08:22:54 +0700
Magnolia,magnolia,2023-03-12 08:22:54 +0700,2023-03-12 08:22:54 +0700
KNIGHT WALKERS,knight-walkers,2023-03-12 08:22:54 +0700,2023-03-12 08:22:54 +0700
ACTION,action,2023-03-12 08:22:54 +0700,2023-03-12 08:22:54 +0700
Kraasa,kraasa,2023-03-12 08:22:54 +0700,2023-03-12 08:22:54 +0700
aadi,aadi,2023-03-12 08:22:54 +0700,2023-03-12 08:22:54 +0700
Bata,bata,2023-03-12 08:22:54 +0700,2023-03-12 08:22:54 +0700
Paragon,paragon,2023-03-12 08:22:54 +0700,2023-03-12 08:22:54 +0700
VECHLO,vechlo,2023-03-12 08:22:54 +0700,2023-03-12 08:22:54 +0700
SOLETHREADS,solethreads,2023-03-12 08:22:54 +0700,2023-03-12 08:22:54 +0700
CALIBREL,calibrel,2023-03-12 08:22:54 +0700,2023-03-12 08:22:54 +0700
RootBook,rootbook,2023-03-12 08:22:54 +0700,2023-03-12 08:22:54 +0700
Funny Fire,funny-fire,2023-03-12 08:22:54 +0700,2023-03-12 08:22:54 +0700
Krors,krors,2023-03-12 08:22:54 +0700,2023-03-12 08:22:54 +0700
KILLER,killer,2023-03-12 08:22:54 +0700,2023-03-12 08:22:54 +0700
SamTopShoes,samtopshoes,2023-03-12 08:22:54 +0700,2023-03-12 08:22:54 +0700
vipfarmer,vipfarmer,2023-03-12 08:22:54 +0700,2023-03-12 08:22:54 +0700
Sparx,sparx,2023-03-12 08:22:54 +0700,2023-03-12 08:22:54 +0700
asian,asian,2023-03-12 08:22:54 +0700,2023-03-12 08:22:54 +0700
BRIDE,bride,2023-03-12 08:22:54 +0700,2023-03-12 08:22:54 +0700
Footox,footox,2023-03-12 08:22:54 +0700,2023-03-12 08:22:54 +0700
Labbin,labbin,2023-03-12 08:22:54 +0700,2023-03-12 08:22:54 +0700
LEVI'S,levi-s,2023-03-12 08:22:54 +0700,2023-03-12 08:22:54 +0700
pariferry,pariferry,2023-03-12 08:22:54 +0700,2023-03-12 08:22:54 +0700
London Hills,london-hills,2023-03-12 08:22:54 +0700,2023-03-12 08:22:54 +0700
3BROS,3bros,2023-03-12 08:22:54 +0700,2023-03-12 08:22:54 +0700
NB NICKY BOY,nb-nicky-boy,2023-03-12 08:22:54 +0700,2023-03-12 08:22:54 +0700
VeBNoR,vebnor,2023-03-12 08:22:54 +0700,2023-03-12 08:22:54 +0700
GHPC,ghpc,2023-03-12 08:22:54 +0700,2023-03-12 08:22:54 +0700
MILDIN,mildin,2023-03-12 08:22:54 +0700,2023-03-12 08:22:54 +0700
WOXEN,woxen,2023-03-12 08:22:54 +0700,2023-03-12 08:22:54 +0700
LF Fashion,lf-fashion,2023-03-12 08:22:54 +0700,2023-03-12 08:22:54 +0700
TRIPR,tripr,2023-03-12 08:22:54 +0700,2023-03-12 08:22:54 +0700
Surhi,surhi,2023-03-12 08:22:54 +0700,2023-03-12 08:22:54 +0700
Jai Textiles,jai-textiles,2023-03-12 08:22:54 +0700,2023-03-12 08:22:54 +0700
FUBAR,fubar,2023-03-12 08:22:54 +0700,2023-03-12 08:22:54 +0700
VTEXX,vtexx,2023-03-12 08:22:54 +0700,2023-03-12 08:22:54 +0700
U.S. Polo Assn. Denim Co.,u-s-polo-assn-denim-co,2023-03-12 08:22:54 +0700,2023-03-12 08:22:54 +0700
U.S. POLO ASSN.,u-s-polo-assn,2023-03-12 08:22:54 +0700,2023-03-12 08:22:54 +0700
Lzard,lzard,2023-03-12 08:22:54 +0700,2023-03-12 08:22:54 +0700
PROVOGUE,provogue,2023-03-12 08:22:54 +0700,2023-03-12 08:22:54 +0700
FOSEN,fosen,2023-03-12 08:22:54 +0700,2023-03-12 08:22:54 +0700
Raymond,raymond,2023-03-12 08:22:54 +0700,2023-03-12 08:22:54 +0700
CYPHUS,cyphus,2023-03-12 08:22:54 +0700,2023-03-12 08:22:54 +0700
MOONVELLY,moonvelly,2023-03-12 08:22:54 +0700,2023-03-12 08:22:54 +0700
METRONAUT By Flipkart,metronaut-by-flipkart,2023-03-12 08:22:54 +0700,2023-03-12 08:22:54 +0700
SREY,srey,2023-03-12 08:22:54 +0700,2023-03-12 08:22:54 +0700
PARK AVENUE,park-avenue,2023-03-12 08:22:54 +0700,2023-03-12 08:22:54 +0700
AVOLT,avolt,2023-03-12 08:22:54 +0700,2023-03-12 08:22:54 +0700
Foxter,foxter,2023-03-12 08:22:54 +0700,2023-03-12 08:22:54 +0700
IRHA,irha,2023-03-12 08:22:54 +0700,2023-03-12 08:22:54 +0700
QFABRIX,qfabrix,2023-03-12 08:22:54 +0700,2023-03-12 08:22:54 +0700
Simmaa,simmaa,2023-03-12 08:22:54 +0700,2023-03-12 08:22:54 +0700
INDICLUB,indiclub,2023-03-12 08:22:54 +0700,2023-03-12 08:22:54 +0700
GYRFALCON,gyrfalcon,2023-03-12 08:22:54 +0700,2023-03-12 08:22:54 +0700
BLIVE,blive,2023-03-12 08:22:54 +0700,2023-03-12 08:22:54 +0700
Plus91,plus91,2023-03-12 08:22:54 +0700,2023-03-12 08:22:54 +0700
HIGHLANDER,highlander,2023-03-12 08:22:54 +0700,2023-03-12 08:22:54 +0700
FEEL TRACK,feel-track,2023-03-12 08:22:54 +0700,2023-03-12 08:22:54 +0700
Diwazzo,diwazzo,2023-03-12 08:22:54 +0700,2023-03-12 08:22:54 +0700
Guide,guide,2023-03-12 08:22:54 +0700,2023-03-12 08:22:54 +0700
FastColors,fastcolors,2023-03-12 08:22:54 +0700,2023-03-12 08:22:54 +0700
Jhanjari,jhanjari,2023-03-12 08:22:54 +0700,2023-03-12 08:22:54 +0700
EyeBogler,eyebogler,2023-03-12 08:22:54 +0700,2023-03-12 08:22:54 +0700
REGALIA PROCOT,regalia-procot,2023-03-12 08:22:54 +0700,2023-03-12 08:22:54 +0700
VAN HEUSEN,van-heusen,2023-03-12 08:22:54 +0700,2023-03-12 08:22:54 +0700
Alan Jones,alan-jones,2023-03-12 08:22:54 +0700,2023-03-12 08:22:54 +0700
RED TAPE,red-tape,2023-03-12 08:22:55 +0700,2023-03-12 08:22:55 +0700
MONTREZ,montrez,2023-03-12 08:22:55 +0700,2023-03-12 08:22:55 +0700
Fort Collins,fort-collins,2023-03-12 08:22:55 +0700,2023-03-12 08:22:55 +0700
Indian Threads,indian-threads,2023-03-12 08:22:55 +0700,2023-03-12 08:22:55 +0700
hanifa crystals,hanifa-crystals,2023-03-12 08:22:55 +0700,2023-03-12 08:22:55 +0700
Roadster,roadster,2023-03-12 08:22:55 +0700,2023-03-12 08:22:55 +0700
BASE 41,base-41,2023-03-12 08:22:55 +0700,2023-03-12 08:22:55 +0700
Mast & Harbour,mast-harbour,2023-03-12 08:22:55 +0700,2023-03-12 08:22:55 +0700
XYXX,xyxx,2023-03-12 08:22:55 +0700,2023-03-12 08:22:55 +0700
Chrome & Coral,chrome-coral,2023-03-12 08:22:55 +0700,2023-03-12 08:22:55 +0700
KZALCON,kzalcon,2023-03-12 08:22:55 +0700,2023-03-12 08:22:55 +0700
DADUSAG,dadusag,2023-03-12 08:22:55 +0700,2023-03-12 08:22:55 +0700
TIGERSNAKE,tigersnake,2023-03-12 08:22:55 +0700,2023-03-12 08:22:55 +0700
Tap in,tap-in,2023-03-12 08:22:55 +0700,2023-03-12 08:22:55 +0700
CHENECLOTH,chenecloth,2023-03-12 08:22:55 +0700,2023-03-12 08:22:55 +0700
abc,abc,2023-03-13 20:21:16 +0700,2023-03-13 20:21:16 +0700
test,test,2023-03-13 20:21:42 +0700,2023-03-13 20:21:42 +0700
test1,test1,2023-03-13 20:22:00 +0700,2023-03-13 20:22:00 +0700
race sportswear,race-sportswear,2023-04-22 16:39:55 +0700,2023-04-22 16:39:55 +0700
E-MAX ,e-max,2023-04-22 17:17:59 +0700,2023-04-22 17:17:59 +0700
